{
    "_dispatchInstances": {
        "_debugHookTypes": null,
        "_debugNeedsRemount": false,
        "_debugOwner": {
            "_debugHookTypes": [],
            "_debugNeedsRemount": false,
            "_debugOwner": [],
            "actualDuration": 4.634692966938019,
            "actualStartTime": 269024073.403543,
            "alternate": null,
            "child": [],
            "childLanes": 0,
            "deletions": null,
            "dependencies": null,
            "elementType": [],
            "flags": 46139397,
            "index": 0,
            "key": null,
            "lanes": 0,
            "memoizedProps": [],
            "memoizedState": [],
            "mode": 2,
            "pendingProps": [],
            "ref": null,
            "refCleanup": null,
            "return": [],
            "selfBaseDuration": 0.8993850350379944,
            "sibling": [],
            "stateNode": null,
            "subtreeFlags": 3146241,
            "tag": 11,
            "treeBaseDuration": 1.257768988609314,
            "type": [],
            "updateQueue": []
        },
        "actualDuration": 2.572076976299286,
        "actualStartTime": 269024074.647312,
        "alternate": null,
        "child": null,
        "childLanes": 0,
        "deletions": null,
        "dependencies": null,
        "elementType": "RNCWebView",
        "flags": 3146240,
        "index": 0,
        "key": "webViewKey",
        "lanes": 0,
        "memoizedProps": {
            "allowFileAccess": false,
            "allowsFullscreenVideo": false,
            "androidLayerType": "none",
            "cacheEnabled": true,
            "domStorageEnabled": true,
            "hasOnOpenWindowEvent": false,
            "hasOnScroll": false,
            "injectedJavaScript": "undefined",
            "javaScriptCanOpenWindowsAutomatically": false,
            "javaScriptEnabled": true,
            "messagingEnabled": false,
            "messagingModuleName": "WebViewMessageHandler93",
            "nestedScrollEnabled": false,
            "newSource": [],
            "onHttpError": [],
            "onLoadingError": [],
            "onLoadingFinish": [],
            "onLoadingProgress": [],
            "onLoadingStart": [],
            "onMessage": [],
            "onOpenWindow": [],
            "onRenderProcessGone": [],
            "onShouldStartLoadWithRequest": [],
            "overScrollMode": "always",
            "saveFormDataDisabled": false,
            "scalesPageToFit": true,
            "setBuiltInZoomControls": true,
            "setDisplayZoomControls": false,
            "setSupportMultipleWindows": true,
            "source": [],
            "style": [],
            "thirdPartyCookiesEnabled": true,
            "userAgent": "Mozilla/5.0 (Windows NT 10.0; Win64; x64) AppleWebKit/537.36 (KHTML, like Gecko) Chrome/58.0.3029.110 Safari/537.3"
        },
        "memoizedState": null,
        "mode": 2,
        "pendingProps": {
            "allowFileAccess": false,
            "allowsFullscreenVideo": false,
            "androidLayerType": "none",
            "cacheEnabled": true,
            "domStorageEnabled": true,
            "hasOnOpenWindowEvent": false,
            "hasOnScroll": false,
            "injectedJavaScript": "undefined",
            "javaScriptCanOpenWindowsAutomatically": false,
            "javaScriptEnabled": true,
            "messagingEnabled": false,
            "messagingModuleName": "WebViewMessageHandler93",
            "nestedScrollEnabled": false,
            "newSource": [],
            "onHttpError": [],
            "onLoadingError": [],
            "onLoadingFinish": [],
            "onLoadingProgress": [],
            "onLoadingStart": [],
            "onMessage": [],
            "onOpenWindow": [],
            "onRenderProcessGone": [],
            "onShouldStartLoadWithRequest": [],
            "overScrollMode": "always",
            "saveFormDataDisabled": false,
            "scalesPageToFit": true,
            "setBuiltInZoomControls": true,
            "setDisplayZoomControls": false,
            "setSupportMultipleWindows": true,
            "source": [],
            "style": [],
            "thirdPartyCookiesEnabled": true,
            "userAgent": "Mozilla/5.0 (Windows NT 10.0; Win64; x64) AppleWebKit/537.36 (KHTML, like Gecko) Chrome/58.0.3029.110 Safari/537.3"
        },
        "ref": {
            "current": []
        },
        "refCleanup": null,
        "return": {
            "_debugHookTypes": null,
            "_debugNeedsRemount": false,
            "_debugOwner": [],
            "actualDuration": 3.484153926372528,
            "actualStartTime": 269024074.556466,
            "alternate": null,
            "child": [],
            "childLanes": 0,
            "deletions": null,
            "dependencies": null,
            "elementType": "RCTView",
            "flags": 0,
            "index": 0,
            "key": null,
            "lanes": 0,
            "memoizedProps": [],
            "memoizedState": null,
            "mode": 2,
            "pendingProps": [],
            "ref": null,
            "refCleanup": null,
            "return": [],
            "selfBaseDuration": 0.08707696199417114,
            "sibling": null,
            "stateNode": [],
            "subtreeFlags": 3146240,
            "tag": 5,
            "treeBaseDuration": 0.1199999451637268,
            "type": "RCTView",
            "updateQueue": null
        },
        "selfBaseDuration": 0.032922983169555664,
        "sibling": null,
        "stateNode": {
            "_children": [],
            "_internalFiberInstanceHandleDEV": [],
            "_nativeTag": 9803,
            "viewConfig": []
        },
        "subtreeFlags": 0,
        "tag": 5,
        "treeBaseDuration": 0.032922983169555664,
        "type": "RNCWebView",
        "updateQueue": null
    },
    "_dispatchListeners": [],
    "_targetInst": {
        "_debugHookTypes": null,
        "_debugNeedsRemount": false,
        "_debugOwner": {
            "_debugHookTypes": [],
            "_debugNeedsRemount": false,
            "_debugOwner": [],
            "actualDuration": 4.634692966938019,
            "actualStartTime": 269024073.403543,
            "alternate": null,
            "child": [],
            "childLanes": 0,
            "deletions": null,
            "dependencies": null,
            "elementType": [],
            "flags": 46139397,
            "index": 0,
            "key": null,
            "lanes": 0,
            "memoizedProps": [],
            "memoizedState": [],
            "mode": 2,
            "pendingProps": [],
            "ref": null,
            "refCleanup": null,
            "return": [],
            "selfBaseDuration": 0.8993850350379944,
            "sibling": [],
            "stateNode": null,
            "subtreeFlags": 3146241,
            "tag": 11,
            "treeBaseDuration": 1.257768988609314,
            "type": [],
            "updateQueue": []
        },
        "actualDuration": 2.572076976299286,
        "actualStartTime": 269024074.647312,
        "alternate": null,
        "child": null,
        "childLanes": 0,
        "deletions": null,
        "dependencies": null,
        "elementType": "RNCWebView",
        "flags": 3146240,
        "index": 0,
        "key": "webViewKey",
        "lanes": 0,
        "memoizedProps": {
            "allowFileAccess": false,
            "allowsFullscreenVideo": false,
            "androidLayerType": "none",
            "cacheEnabled": true,
            "domStorageEnabled": true,
            "hasOnOpenWindowEvent": false,
            "hasOnScroll": false,
            "injectedJavaScript": "undefined",
            "javaScriptCanOpenWindowsAutomatically": false,
            "javaScriptEnabled": true,
            "messagingEnabled": false,
            "messagingModuleName": "WebViewMessageHandler93",
            "nestedScrollEnabled": false,
            "newSource": [],
            "onHttpError": [],
            "onLoadingError": [],
            "onLoadingFinish": [],
            "onLoadingProgress": [],
            "onLoadingStart": [],
            "onMessage": [],
            "onOpenWindow": [],
            "onRenderProcessGone": [],
            "onShouldStartLoadWithRequest": [],
            "overScrollMode": "always",
            "saveFormDataDisabled": false,
            "scalesPageToFit": true,
            "setBuiltInZoomControls": true,
            "setDisplayZoomControls": false,
            "setSupportMultipleWindows": true,
            "source": [],
            "style": [],
            "thirdPartyCookiesEnabled": true,
            "userAgent": "Mozilla/5.0 (Windows NT 10.0; Win64; x64) AppleWebKit/537.36 (KHTML, like Gecko) Chrome/58.0.3029.110 Safari/537.3"
        },
        "memoizedState": null,
        "mode": 2,
        "pendingProps": {
            "allowFileAccess": false,
            "allowsFullscreenVideo": false,
            "androidLayerType": "none",
            "cacheEnabled": true,
            "domStorageEnabled": true,
            "hasOnOpenWindowEvent": false,
            "hasOnScroll": false,
            "injectedJavaScript": "undefined",
            "javaScriptCanOpenWindowsAutomatically": false,
            "javaScriptEnabled": true,
            "messagingEnabled": false,
            "messagingModuleName": "WebViewMessageHandler93",
            "nestedScrollEnabled": false,
            "newSource": [],
            "onHttpError": [],
            "onLoadingError": [],
            "onLoadingFinish": [],
            "onLoadingProgress": [],
            "onLoadingStart": [],
            "onMessage": [],
            "onOpenWindow": [],
            "onRenderProcessGone": [],
            "onShouldStartLoadWithRequest": [],
            "overScrollMode": "always",
            "saveFormDataDisabled": false,
            "scalesPageToFit": true,
            "setBuiltInZoomControls": true,
            "setDisplayZoomControls": false,
            "setSupportMultipleWindows": true,
            "source": [],
            "style": [],
            "thirdPartyCookiesEnabled": true,
            "userAgent": "Mozilla/5.0 (Windows NT 10.0; Win64; x64) AppleWebKit/537.36 (KHTML, like Gecko) Chrome/58.0.3029.110 Safari/537.3"
        },
        "ref": {
            "current": []
        },
        "refCleanup": null,
        "return": {
            "_debugHookTypes": null,
            "_debugNeedsRemount": false,
            "_debugOwner": [],
            "actualDuration": 3.484153926372528,
            "actualStartTime": 269024074.556466,
            "alternate": null,
            "child": [],
            "childLanes": 0,
            "deletions": null,
            "dependencies": null,
            "elementType": "RCTView",
            "flags": 0,
            "index": 0,
            "key": null,
            "lanes": 0,
            "memoizedProps": [],
            "memoizedState": null,
            "mode": 2,
            "pendingProps": [],
            "ref": null,
            "refCleanup": null,
            "return": [],
            "selfBaseDuration": 0.08707696199417114,
            "sibling": null,
            "stateNode": [],
            "subtreeFlags": 3146240,
            "tag": 5,
            "treeBaseDuration": 0.1199999451637268,
            "type": "RCTView",
            "updateQueue": null
        },
        "selfBaseDuration": 0.032922983169555664,
        "sibling": null,
        "stateNode": {
            "_children": [],
            "_internalFiberInstanceHandleDEV": [],
            "_nativeTag": 9803,
            "viewConfig": []
        },
        "subtreeFlags": 0,
        "tag": 5,
        "treeBaseDuration": 0.032922983169555664,
        "type": "RNCWebView",
        "updateQueue": null
    },
    "bubbles": "undefined",
    "cancelable": "undefined",
    "currentTarget": {
        "_children": [],
        "_internalFiberInstanceHandleDEV": {
            "_debugHookTypes": null,
            "_debugNeedsRemount": false,
            "_debugOwner": [],
            "actualDuration": 2.572076976299286,
            "actualStartTime": 269024074.647312,
            "alternate": null,
            "child": null,
            "childLanes": 0,
            "deletions": null,
            "dependencies": null,
            "elementType": "RNCWebView",
            "flags": 3146240,
            "index": 0,
            "key": "webViewKey",
            "lanes": 0,
            "memoizedProps": [],
            "memoizedState": null,
            "mode": 2,
            "pendingProps": [],
            "ref": [],
            "refCleanup": null,
            "return": [],
            "selfBaseDuration": 0.032922983169555664,
            "sibling": null,
            "stateNode": [],
            "subtreeFlags": 0,
            "tag": 5,
            "treeBaseDuration": 0.032922983169555664,
            "type": "RNCWebView",
            "updateQueue": null
        },
        "_nativeTag": 9803,
        "viewConfig": {
            "Commands": [],
            "NativeProps": [],
            "bubblingEventTypes": [],
            "directEventTypes": [],
            "uiViewClassName": "RNCWebView",
            "validAttributes": []
        }
    },
    "defaultPrevented": "undefined",
    "dispatchConfig": {
        "registrationName": "onLoadingError"
    },
    "eventPhase": "undefined",
    "isDefaultPrevented": [],
    "isPersistent": [],
    "isPropagationStopped": [],
    "isTrusted": "undefined",
    "nativeEvent": {
        "canGoBack": false,
        "canGoForward": false,
        "code": -2,
        "description": "net::ERR_NAME_NOT_RESOLVED",
        "loading": false,
        "target": 9803,
        "title": "",
        "url": "http://not%20fmoimnfpeqwnmf/"
    },
    "target": {
        "_children": [],
        "_internalFiberInstanceHandleDEV": {
            "_debugHookTypes": null,
            "_debugNeedsRemount": false,
            "_debugOwner": [],
            "actualDuration": 2.572076976299286,
            "actualStartTime": 269024074.647312,
            "alternate": null,
            "child": null,
            "childLanes": 0,
            "deletions": null,
            "dependencies": null,
            "elementType": "RNCWebView",
            "flags": 3146240,
            "index": 0,
            "key": "webViewKey",
            "lanes": 0,
            "memoizedProps": [],
            "memoizedState": null,
            "mode": 2,
            "pendingProps": [],
            "ref": [],
            "refCleanup": null,
            "return": [],
            "selfBaseDuration": 0.032922983169555664,
            "sibling": null,
            "stateNode": [],
            "subtreeFlags": 0,
            "tag": 5,
            "treeBaseDuration": 0.032922983169555664,
            "type": "RNCWebView",
            "updateQueue": null
        },
        "_nativeTag": 9803,
        "viewConfig": {
            "Commands": [],
            "NativeProps": [],
            "bubblingEventTypes": [],
            "directEventTypes": [],
            "uiViewClassName": "RNCWebView",
            "validAttributes": []
        }
    },
    "timeStamp": 1716127022077,
    "type": "undefined"
}